肖申克的救赎,1994,9.7,2606199人评价
霸王别姬,1993,9.6,1935309人评价
阿甘正传,1994,9.5,1958927人评价
泰坦尼克号,1997,9.4,1919594人评价
这个杀手不太冷,1994,9.4,2111915人评价
美丽人生,1997,9.6,1203706人评价
千与千寻,2001,9.4,2036346人评价
辛德勒的名单,1993,9.6,1003962人评价
盗梦空间,2010,9.4,1878125人评价
忠犬八公的故事,2009,9.4,1285446人评价
星际穿越,2014,9.4,1566531人评价
楚门的世界,1998,9.3,1489031人评价
海上钢琴师,1998,9.3,1527215人评价
三傻大闹宝莱坞,2009,9.2,1704888人评价
机器人总动员,2008,9.3,1202868人评价
放牛班的春天,2004,9.3,1188181人评价
无间道,2002,9.3,1203213人评价
疯狂动物城,2016,9.2,1715399人评价
大话西游之大圣娶亲,1995,9.2,1394697人评价
熔炉,2011,9.3,849038人评价
控方证人,1957,9.6,454580人评价
教父,1972,9.3,863392人评价
当幸福来敲门,2006,9.2,1384203人评价
触不可及,2011,9.3,963879人评价
怦然心动,2010,9.1,1657943人评价
龙猫,1988,9.2,1150267人评价
末代皇帝,1987,9.3,771443人评价
寻梦环游记,2017,9.1,1478527人评价
蝙蝠侠：黑暗骑士,2008,9.2,957041人评价
活着,1994,9.3,745095人评价
哈利·波特与魔法石,2001,9.1,1037810人评价
指环王3：王者无敌,2003,9.3,724894人评价
乱世佳人,1939,9.3,626100人评价
素媛,2013,9.3,613921人评价
飞屋环游记,2009,9.1,1203317人评价
摔跤吧！爸爸,2016,9.0,1429907人评价
我不是药神,2018,9.0,1907428人评价
何以为家,2018,9.1,936540人评价
十二怒汉,1957,9.4,430097人评价
哈尔的移动城堡,2004,9.1,910067人评价
少年派的奇幻漂流,2012,9.1,1238804人评价
鬼子来了,2000,9.3,560444人评价
大话西游之月光宝盒,1995,9.0,1112095人评价
猫鼠游戏,2002,9.1,876314人评价
天空之城,1986,9.1,747347人评价
天堂电影院,1988,9.2,625875人评价
闻香识女人,1992,9.1,787683人评价
指环王2：双塔奇兵,2002,9.2,676676人评价
钢琴家,2002,9.2,541351人评价
让子弹飞,2010,8.9,1509467人评价
肖申克的救赎,1994,9.7,2606202人评价
霸王别姬,1993,9.6,1935309人评价
阿甘正传,1994,9.5,1958927人评价
泰坦尼克号,1997,9.4,1919598人评价
这个杀手不太冷,1994,9.4,2111915人评价
美丽人生,1997,9.6,1203706人评价
千与千寻,2001,9.4,2036346人评价
辛德勒的名单,1993,9.6,1003964人评价
盗梦空间,2010,9.4,1878125人评价
忠犬八公的故事,2009,9.4,1285446人评价
星际穿越,2014,9.4,1566532人评价
楚门的世界,1998,9.3,1489031人评价
海上钢琴师,1998,9.3,1527215人评价
三傻大闹宝莱坞,2009,9.2,1704888人评价
机器人总动员,2008,9.3,1202868人评价
放牛班的春天,2004,9.3,1188185人评价
无间道,2002,9.3,1203213人评价
疯狂动物城,2016,9.2,1715399人评价
大话西游之大圣娶亲,1995,9.2,1394697人评价
熔炉,2011,9.3,849038人评价
控方证人,1957,9.6,454580人评价
教父,1972,9.3,863392人评价
当幸福来敲门,2006,9.2,1384203人评价
触不可及,2011,9.3,963879人评价
怦然心动,2010,9.1,1657943人评价
肖申克的救赎,1994,9.7,2606202人评价
霸王别姬,1993,9.6,1935309人评价
阿甘正传,1994,9.5,1958927人评价
泰坦尼克号,1997,9.4,1919598人评价
这个杀手不太冷,1994,9.4,2111915人评价
美丽人生,1997,9.6,1203706人评价
千与千寻,2001,9.4,2036346人评价
辛德勒的名单,1993,9.6,1003964人评价
盗梦空间,2010,9.4,1878125人评价
忠犬八公的故事,2009,9.4,1285446人评价
星际穿越,2014,9.4,1566532人评价
楚门的世界,1998,9.3,1489031人评价
海上钢琴师,1998,9.3,1527215人评价
三傻大闹宝莱坞,2009,9.2,1704888人评价
机器人总动员,2008,9.3,1202868人评价
放牛班的春天,2004,9.3,1188185人评价
无间道,2002,9.3,1203213人评价
疯狂动物城,2016,9.2,1715399人评价
大话西游之大圣娶亲,1995,9.2,1394697人评价
熔炉,2011,9.3,849038人评价
控方证人,1957,9.6,454580人评价
教父,1972,9.3,863392人评价
当幸福来敲门,2006,9.2,1384203人评价
触不可及,2011,9.3,963879人评价
怦然心动,2010,9.1,1657943人评价
肖申克的救赎,1994,9.7,2606202人评价
霸王别姬,1993,9.6,1935309人评价
阿甘正传,1994,9.5,1958927人评价
泰坦尼克号,1997,9.4,1919598人评价
这个杀手不太冷,1994,9.4,2111915人评价
美丽人生,1997,9.6,1203706人评价
千与千寻,2001,9.4,2036346人评价
辛德勒的名单,1993,9.6,1003964人评价
盗梦空间,2010,9.4,1878125人评价
忠犬八公的故事,2009,9.4,1285446人评价
星际穿越,2014,9.4,1566532人评价
楚门的世界,1998,9.3,1489031人评价
海上钢琴师,1998,9.3,1527215人评价
三傻大闹宝莱坞,2009,9.2,1704888人评价
机器人总动员,2008,9.3,1202868人评价
放牛班的春天,2004,9.3,1188185人评价
无间道,2002,9.3,1203213人评价
疯狂动物城,2016,9.2,1715399人评价
大话西游之大圣娶亲,1995,9.2,1394697人评价
熔炉,2011,9.3,849038人评价
控方证人,1957,9.6,454580人评价
教父,1972,9.3,863392人评价
当幸福来敲门,2006,9.2,1384203人评价
触不可及,2011,9.3,963879人评价
怦然心动,2010,9.1,1657943人评价
肖申克的救赎,1994,9.7,2606202人评价
霸王别姬,1993,9.6,1935309人评价
阿甘正传,1994,9.5,1958927人评价
泰坦尼克号,1997,9.4,1919598人评价
这个杀手不太冷,1994,9.4,2111915人评价
美丽人生,1997,9.6,1203706人评价
千与千寻,2001,9.4,2036346人评价
辛德勒的名单,1993,9.6,1003964人评价
盗梦空间,2010,9.4,1878125人评价
忠犬八公的故事,2009,9.4,1285446人评价
星际穿越,2014,9.4,1566532人评价
楚门的世界,1998,9.3,1489031人评价
海上钢琴师,1998,9.3,1527215人评价
三傻大闹宝莱坞,2009,9.2,1704888人评价
机器人总动员,2008,9.3,1202868人评价
放牛班的春天,2004,9.3,1188185人评价
无间道,2002,9.3,1203213人评价
疯狂动物城,2016,9.2,1715399人评价
大话西游之大圣娶亲,1995,9.2,1394697人评价
熔炉,2011,9.3,849038人评价
控方证人,1957,9.6,454580人评价
教父,1972,9.3,863392人评价
当幸福来敲门,2006,9.2,1384203人评价
触不可及,2011,9.3,963879人评价
怦然心动,2010,9.1,1657943人评价
肖申克的救赎,1994,9.7,2606202人评价
霸王别姬,1993,9.6,1935309人评价
阿甘正传,1994,9.5,1958927人评价
泰坦尼克号,1997,9.4,1919598人评价
这个杀手不太冷,1994,9.4,2111915人评价
美丽人生,1997,9.6,1203706人评价
千与千寻,2001,9.4,2036346人评价
辛德勒的名单,1993,9.6,1003964人评价
盗梦空间,2010,9.4,1878125人评价
忠犬八公的故事,2009,9.4,1285446人评价
星际穿越,2014,9.4,1566532人评价
楚门的世界,1998,9.3,1489031人评价
海上钢琴师,1998,9.3,1527215人评价
三傻大闹宝莱坞,2009,9.2,1704888人评价
机器人总动员,2008,9.3,1202868人评价
放牛班的春天,2004,9.3,1188185人评价
无间道,2002,9.3,1203213人评价
疯狂动物城,2016,9.2,1715399人评价
大话西游之大圣娶亲,1995,9.2,1394697人评价
熔炉,2011,9.3,849038人评价
控方证人,1957,9.6,454580人评价
教父,1972,9.3,863392人评价
当幸福来敲门,2006,9.2,1384203人评价
触不可及,2011,9.3,963879人评价
怦然心动,2010,9.1,1657943人评价
肖申克的救赎,1994,9.7,2606202人评价
霸王别姬,1993,9.6,1935309人评价
阿甘正传,1994,9.5,1958927人评价
泰坦尼克号,1997,9.4,1919598人评价
这个杀手不太冷,1994,9.4,2111915人评价
美丽人生,1997,9.6,1203706人评价
千与千寻,2001,9.4,2036346人评价
辛德勒的名单,1993,9.6,1003964人评价
盗梦空间,2010,9.4,1878125人评价
忠犬八公的故事,2009,9.4,1285446人评价
星际穿越,2014,9.4,1566532人评价
楚门的世界,1998,9.3,1489031人评价
海上钢琴师,1998,9.3,1527215人评价
三傻大闹宝莱坞,2009,9.2,1704888人评价
机器人总动员,2008,9.3,1202868人评价
放牛班的春天,2004,9.3,1188185人评价
无间道,2002,9.3,1203213人评价
疯狂动物城,2016,9.2,1715399人评价
大话西游之大圣娶亲,1995,9.2,1394697人评价
熔炉,2011,9.3,849038人评价
控方证人,1957,9.6,454580人评价
教父,1972,9.3,863392人评价
当幸福来敲门,2006,9.2,1384203人评价
触不可及,2011,9.3,963879人评价
怦然心动,2010,9.1,1657943人评价
肖申克的救赎,1994,9.7,2606202人评价
霸王别姬,1993,9.6,1935309人评价
阿甘正传,1994,9.5,1958927人评价
泰坦尼克号,1997,9.4,1919598人评价
这个杀手不太冷,1994,9.4,2111915人评价
美丽人生,1997,9.6,1203706人评价
千与千寻,2001,9.4,2036346人评价
辛德勒的名单,1993,9.6,1003964人评价
盗梦空间,2010,9.4,1878125人评价
忠犬八公的故事,2009,9.4,1285446人评价
星际穿越,2014,9.4,1566532人评价
楚门的世界,1998,9.3,1489031人评价
海上钢琴师,1998,9.3,1527215人评价
三傻大闹宝莱坞,2009,9.2,1704888人评价
机器人总动员,2008,9.3,1202868人评价
放牛班的春天,2004,9.3,1188185人评价
无间道,2002,9.3,1203213人评价
疯狂动物城,2016,9.2,1715399人评价
大话西游之大圣娶亲,1995,9.2,1394697人评价
熔炉,2011,9.3,849038人评价
控方证人,1957,9.6,454580人评价
教父,1972,9.3,863392人评价
当幸福来敲门,2006,9.2,1384203人评价
触不可及,2011,9.3,963879人评价
怦然心动,2010,9.1,1657943人评价
肖申克的救赎,1994,9.7,2606202人评价
霸王别姬,1993,9.6,1935309人评价
阿甘正传,1994,9.5,1958927人评价
泰坦尼克号,1997,9.4,1919598人评价
这个杀手不太冷,1994,9.4,2111915人评价
美丽人生,1997,9.6,1203706人评价
千与千寻,2001,9.4,2036346人评价
辛德勒的名单,1993,9.6,1003964人评价
盗梦空间,2010,9.4,1878125人评价
忠犬八公的故事,2009,9.4,1285446人评价
星际穿越,2014,9.4,1566532人评价
楚门的世界,1998,9.3,1489031人评价
海上钢琴师,1998,9.3,1527215人评价
三傻大闹宝莱坞,2009,9.2,1704888人评价
机器人总动员,2008,9.3,1202868人评价
放牛班的春天,2004,9.3,1188185人评价
无间道,2002,9.3,1203213人评价
疯狂动物城,2016,9.2,1715399人评价
大话西游之大圣娶亲,1995,9.2,1394697人评价
熔炉,2011,9.3,849038人评价
控方证人,1957,9.6,454580人评价
教父,1972,9.3,863392人评价
当幸福来敲门,2006,9.2,1384203人评价
触不可及,2011,9.3,963879人评价
怦然心动,2010,9.1,1657943人评价
肖申克的救赎,1994,9.7,2606202人评价
霸王别姬,1993,9.6,1935309人评价
阿甘正传,1994,9.5,1958927人评价
泰坦尼克号,1997,9.4,1919598人评价
这个杀手不太冷,1994,9.4,2111915人评价
美丽人生,1997,9.6,1203706人评价
千与千寻,2001,9.4,2036346人评价
辛德勒的名单,1993,9.6,1003964人评价
盗梦空间,2010,9.4,1878125人评价
忠犬八公的故事,2009,9.4,1285446人评价
星际穿越,2014,9.4,1566532人评价
楚门的世界,1998,9.3,1489031人评价
海上钢琴师,1998,9.3,1527215人评价
三傻大闹宝莱坞,2009,9.2,1704888人评价
机器人总动员,2008,9.3,1202868人评价
放牛班的春天,2004,9.3,1188185人评价
无间道,2002,9.3,1203213人评价
疯狂动物城,2016,9.2,1715399人评价
大话西游之大圣娶亲,1995,9.2,1394697人评价
熔炉,2011,9.3,849038人评价
控方证人,1957,9.6,454580人评价
教父,1972,9.3,863392人评价
当幸福来敲门,2006,9.2,1384203人评价
触不可及,2011,9.3,963879人评价
怦然心动,2010,9.1,1657943人评价
肖申克的救赎,1994,9.7,2606202人评价
霸王别姬,1993,9.6,1935309人评价
阿甘正传,1994,9.5,1958927人评价
泰坦尼克号,1997,9.4,1919598人评价
这个杀手不太冷,1994,9.4,2111915人评价
美丽人生,1997,9.6,1203706人评价
千与千寻,2001,9.4,2036346人评价
辛德勒的名单,1993,9.6,1003964人评价
盗梦空间,2010,9.4,1878125人评价
忠犬八公的故事,2009,9.4,1285446人评价
星际穿越,2014,9.4,1566532人评价
楚门的世界,1998,9.3,1489031人评价
海上钢琴师,1998,9.3,1527215人评价
三傻大闹宝莱坞,2009,9.2,1704888人评价
机器人总动员,2008,9.3,1202868人评价
放牛班的春天,2004,9.3,1188185人评价
无间道,2002,9.3,1203213人评价
疯狂动物城,2016,9.2,1715399人评价
大话西游之大圣娶亲,1995,9.2,1394697人评价
熔炉,2011,9.3,849038人评价
控方证人,1957,9.6,454580人评价
教父,1972,9.3,863392人评价
当幸福来敲门,2006,9.2,1384203人评价
触不可及,2011,9.3,963879人评价
怦然心动,2010,9.1,1657943人评价
肖申克的救赎,1994,9.7,2619079人评价
霸王别姬,1993,9.6,1944653人评价
阿甘正传,1994,9.5,1969064人评价
泰坦尼克号,1997,9.4,1929307人评价
这个杀手不太冷,1994,9.4,2120492人评价
美丽人生,1997,9.6,1210081人评价
千与千寻,2001,9.4,2045625人评价
辛德勒的名单,1993,9.6,1009451人评价
盗梦空间,2010,9.4,1887051人评价
忠犬八公的故事,2009,9.4,1291118人评价
星际穿越,2014,9.4,1577658人评价
楚门的世界,1998,9.3,1500134人评价
海上钢琴师,1998,9.3,1534892人评价
三傻大闹宝莱坞,2009,9.2,1712244人评价
机器人总动员,2008,9.3,1208570人评价
放牛班的春天,2004,9.3,1194270人评价
无间道,2002,9.3,1211662人评价
疯狂动物城,2016,9.2,1724878人评价
大话西游之大圣娶亲,1995,9.2,1401374人评价
熔炉,2011,9.3,853376人评价
控方证人,1957,9.6,460379人评价
教父,1972,9.3,869128人评价
当幸福来敲门,2006,9.2,1391242人评价
触不可及,2011,9.3,972737人评价
怦然心动,2010,9.1,1667131人评价
肖申克的救赎,1994,9.7,2619079人评价
霸王别姬,1993,9.6,1944653人评价
阿甘正传,1994,9.5,1969064人评价
泰坦尼克号,1997,9.4,1929307人评价
这个杀手不太冷,1994,9.4,2120492人评价
美丽人生,1997,9.6,1210081人评价
千与千寻,2001,9.4,2045625人评价
辛德勒的名单,1993,9.6,1009451人评价
盗梦空间,2010,9.4,1887051人评价
忠犬八公的故事,2009,9.4,1291118人评价
星际穿越,2014,9.4,1577658人评价
楚门的世界,1998,9.3,1500134人评价
海上钢琴师,1998,9.3,1534892人评价
三傻大闹宝莱坞,2009,9.2,1712244人评价
机器人总动员,2008,9.3,1208570人评价
放牛班的春天,2004,9.3,1194270人评价
无间道,2002,9.3,1211662人评价
疯狂动物城,2016,9.2,1724878人评价
大话西游之大圣娶亲,1995,9.2,1401374人评价
熔炉,2011,9.3,853376人评价
控方证人,1957,9.6,460379人评价
教父,1972,9.3,869128人评价
当幸福来敲门,2006,9.2,1391242人评价
触不可及,2011,9.3,972737人评价
怦然心动,2010,9.1,1667131人评价
肖申克的救赎,1994,9.7,2619079人评价
霸王别姬,1993,9.6,1944653人评价
阿甘正传,1994,9.5,1969064人评价
泰坦尼克号,1997,9.4,1929307人评价
这个杀手不太冷,1994,9.4,2120492人评价
美丽人生,1997,9.6,1210081人评价
千与千寻,2001,9.4,2045625人评价
辛德勒的名单,1993,9.6,1009451人评价
盗梦空间,2010,9.4,1887051人评价
忠犬八公的故事,2009,9.4,1291118人评价
星际穿越,2014,9.4,1577658人评价
楚门的世界,1998,9.3,1500134人评价
海上钢琴师,1998,9.3,1534892人评价
三傻大闹宝莱坞,2009,9.2,1712244人评价
机器人总动员,2008,9.3,1208570人评价
放牛班的春天,2004,9.3,1194270人评价
无间道,2002,9.3,1211662人评价
疯狂动物城,2016,9.2,1724878人评价
大话西游之大圣娶亲,1995,9.2,1401374人评价
熔炉,2011,9.3,853376人评价
控方证人,1957,9.6,460379人评价
教父,1972,9.3,869128人评价
当幸福来敲门,2006,9.2,1391242人评价
触不可及,2011,9.3,972737人评价
怦然心动,2010,9.1,1667131人评价
肖申克的救赎,1994,9.7,2619079人评价
霸王别姬,1993,9.6,1944653人评价
阿甘正传,1994,9.5,1969064人评价
泰坦尼克号,1997,9.4,1929307人评价
这个杀手不太冷,1994,9.4,2120492人评价
美丽人生,1997,9.6,1210081人评价
千与千寻,2001,9.4,2045625人评价
辛德勒的名单,1993,9.6,1009451人评价
盗梦空间,2010,9.4,1887051人评价
忠犬八公的故事,2009,9.4,1291118人评价
星际穿越,2014,9.4,1577658人评价
楚门的世界,1998,9.3,1500134人评价
海上钢琴师,1998,9.3,1534892人评价
三傻大闹宝莱坞,2009,9.2,1712244人评价
机器人总动员,2008,9.3,1208570人评价
放牛班的春天,2004,9.3,1194270人评价
无间道,2002,9.3,1211662人评价
疯狂动物城,2016,9.2,1724878人评价
大话西游之大圣娶亲,1995,9.2,1401374人评价
熔炉,2011,9.3,853376人评价
控方证人,1957,9.6,460379人评价
教父,1972,9.3,869128人评价
当幸福来敲门,2006,9.2,1391242人评价
触不可及,2011,9.3,972737人评价
怦然心动,2010,9.1,1667131人评价
肖申克的救赎,1994,9.7,2619079人评价
霸王别姬,1993,9.6,1944653人评价
阿甘正传,1994,9.5,1969064人评价
泰坦尼克号,1997,9.4,1929307人评价
这个杀手不太冷,1994,9.4,2120492人评价
美丽人生,1997,9.6,1210081人评价
千与千寻,2001,9.4,2045625人评价
辛德勒的名单,1993,9.6,1009451人评价
盗梦空间,2010,9.4,1887051人评价
忠犬八公的故事,2009,9.4,1291118人评价
星际穿越,2014,9.4,1577658人评价
楚门的世界,1998,9.3,1500134人评价
海上钢琴师,1998,9.3,1534892人评价
三傻大闹宝莱坞,2009,9.2,1712244人评价
机器人总动员,2008,9.3,1208570人评价
放牛班的春天,2004,9.3,1194270人评价
无间道,2002,9.3,1211662人评价
疯狂动物城,2016,9.2,1724878人评价
大话西游之大圣娶亲,1995,9.2,1401374人评价
熔炉,2011,9.3,853376人评价
控方证人,1957,9.6,460379人评价
教父,1972,9.3,869128人评价
当幸福来敲门,2006,9.2,1391247人评价
触不可及,2011,9.3,972737人评价
怦然心动,2010,9.1,1667131人评价
肖申克的救赎,1994,9.7,2619079人评价
霸王别姬,1993,9.6,1944653人评价
阿甘正传,1994,9.5,1969064人评价
泰坦尼克号,1997,9.4,1929307人评价
这个杀手不太冷,1994,9.4,2120492人评价
美丽人生,1997,9.6,1210081人评价
千与千寻,2001,9.4,2045625人评价
辛德勒的名单,1993,9.6,1009451人评价
盗梦空间,2010,9.4,1887051人评价
忠犬八公的故事,2009,9.4,1291118人评价
星际穿越,2014,9.4,1577658人评价
楚门的世界,1998,9.3,1500134人评价
海上钢琴师,1998,9.3,1534892人评价
三傻大闹宝莱坞,2009,9.2,1712244人评价
机器人总动员,2008,9.3,1208570人评价
放牛班的春天,2004,9.3,1194270人评价
无间道,2002,9.3,1211662人评价
疯狂动物城,2016,9.2,1724878人评价
大话西游之大圣娶亲,1995,9.2,1401374人评价
熔炉,2011,9.3,853376人评价
控方证人,1957,9.6,460379人评价
教父,1972,9.3,869128人评价
当幸福来敲门,2006,9.2,1391247人评价
触不可及,2011,9.3,972737人评价
怦然心动,2010,9.1,1667131人评价
肖申克的救赎,1994,9.7,2619079人评价
霸王别姬,1993,9.6,1944653人评价
阿甘正传,1994,9.5,1969064人评价
泰坦尼克号,1997,9.4,1929307人评价
这个杀手不太冷,1994,9.4,2120492人评价
美丽人生,1997,9.6,1210081人评价
千与千寻,2001,9.4,2045625人评价
辛德勒的名单,1993,9.6,1009451人评价
盗梦空间,2010,9.4,1887051人评价
忠犬八公的故事,2009,9.4,1291118人评价
星际穿越,2014,9.4,1577658人评价
楚门的世界,1998,9.3,1500134人评价
海上钢琴师,1998,9.3,1534892人评价
三傻大闹宝莱坞,2009,9.2,1712244人评价
机器人总动员,2008,9.3,1208570人评价
放牛班的春天,2004,9.3,1194270人评价
无间道,2002,9.3,1211662人评价
疯狂动物城,2016,9.2,1724878人评价
大话西游之大圣娶亲,1995,9.2,1401374人评价
熔炉,2011,9.3,853376人评价
控方证人,1957,9.6,460379人评价
教父,1972,9.3,869128人评价
当幸福来敲门,2006,9.2,1391247人评价
触不可及,2011,9.3,972737人评价
怦然心动,2010,9.1,1667131人评价
